
{
  "header": {
    "reportVersion": 1,
    "event": "Allocation failed - JavaScript heap out of memory",
    "trigger": "FatalError",
    "filename": "report.20191227.221427.18160.0.001.json",
    "dumpEventTime": "2019-12-27T22:14:27Z",
    "dumpEventTimeStamp": "1577484867883",
    "processId": 18160,
    "cwd": "C:\\Development\\VVV\\www\\amplifier-working\\public_html\\wp-content\\themes\\zendroidthemes",
    "commandLine": [
      "node",
      "C:\\Development\\VVV\\www\\amplifier-working\\public_html\\wp-content\\themes\\zendroidthemes\\node_modules\\.bin\\\\..\\gulp-cli\\bin\\gulp.js"
    ],
    "nodejsVersion": "v13.2.0",
    "wordSize": 64,
    "arch": "x64",
    "platform": "win32",
    "componentVersions": {
      "node": "13.2.0",
      "v8": "7.9.317.23-node.20",
      "uv": "1.33.1",
      "zlib": "1.2.11",
      "brotli": "1.0.7",
      "ares": "1.15.0",
      "modules": "79",
      "nghttp2": "1.40.0",
      "napi": "5",
      "llhttp": "1.1.4",
      "openssl": "1.1.1d",
      "cldr": "35.1",
      "icu": "64.2",
      "tz": "2019c",
      "unicode": "12.1"
    },
    "release": {
      "name": "node",
      "headersUrl": "https://nodejs.org/download/release/v13.2.0/node-v13.2.0-headers.tar.gz",
      "sourceUrl": "https://nodejs.org/download/release/v13.2.0/node-v13.2.0.tar.gz",
      "libUrl": "https://nodejs.org/download/release/v13.2.0/win-x64/node.lib"
    },
    "osName": "Windows_NT",
    "osRelease": "10.0.18362",
    "osVersion": "Windows 10 Home",
    "osMachine": "x86_64",
    "cpus": [
      {
        "model": "Intel(R) Core(TM) i7-3770K CPU @ 3.50GHz",
        "speed": 3510,
        "user": 73611843,
        "nice": 0,
        "sys": 47293546,
        "idle": 1249823000,
        "irq": 5923453
      },
      {
        "model": "Intel(R) Core(TM) i7-3770K CPU @ 3.50GHz",
        "speed": 3510,
        "user": 83125046,
        "nice": 0,
        "sys": 36098140,
        "idle": 1251504984,
        "irq": 3195531
      },
      {
        "model": "Intel(R) Core(TM) i7-3770K CPU @ 3.50GHz",
        "speed": 3510,
        "user": 77144765,
        "nice": 0,
        "sys": 26648218,
        "idle": 1266935187,
        "irq": 852203
      },
      {
        "model": "Intel(R) Core(TM) i7-3770K CPU @ 3.50GHz",
        "speed": 3510,
        "user": 129923125,
        "nice": 0,
        "sys": 19196718,
        "idle": 1221608328,
        "irq": 663609
      },
      {
        "model": "Intel(R) Core(TM) i7-3770K CPU @ 3.50GHz",
        "speed": 3510,
        "user": 80781640,
        "nice": 0,
        "sys": 34960781,
        "idle": 1254985750,
        "irq": 941437
      },
      {
        "model": "Intel(R) Core(TM) i7-3770K CPU @ 3.50GHz",
        "speed": 3510,
        "user": 46167875,
        "nice": 0,
        "sys": 18200312,
        "idle": 1306359984,
        "irq": 507875
      },
      {
        "model": "Intel(R) Core(TM) i7-3770K CPU @ 3.50GHz",
        "speed": 3510,
        "user": 71627031,
        "nice": 0,
        "sys": 31934062,
        "idle": 1267167078,
        "irq": 856234
      },
      {
        "model": "Intel(R) Core(TM) i7-3770K CPU @ 3.50GHz",
        "speed": 3510,
        "user": 105797109,
        "nice": 0,
        "sys": 35163312,
        "idle": 1229767750,
        "irq": 2143937
      }
    ],
    "networkInterfaces": [
      {
        "name": "VirtualBox Host-Only Network #13",
        "internal": false,
        "mac": "0a:00:27:00:00:1b",
        "address": "fe80::801e:b068:5b03:a9bd",
        "netmask": "ffff:ffff:ffff:ffff::",
        "family": "IPv6",
        "scopeid": 27
      },
      {
        "name": "VirtualBox Host-Only Network #13",
        "internal": false,
        "mac": "0a:00:27:00:00:1b",
        "address": "192.168.50.1",
        "netmask": "255.255.255.0",
        "family": "IPv4"
      },
      {
        "name": "Ethernet",
        "internal": false,
        "mac": "c8:60:00:de:eb:22",
        "address": "fe80::f14a:58c4:585f:d1fa",
        "netmask": "ffff:ffff:ffff:ffff::",
        "family": "IPv6",
        "scopeid": 12
      },
      {
        "name": "Ethernet",
        "internal": false,
        "mac": "c8:60:00:de:eb:22",
        "address": "169.254.209.250",
        "netmask": "255.255.0.0",
        "family": "IPv4"
      },
      {
        "name": "Loopback Pseudo-Interface 1",
        "internal": true,
        "mac": "00:00:00:00:00:00",
        "address": "::1",
        "netmask": "ffff:ffff:ffff:ffff:ffff:ffff:ffff:ffff",
        "family": "IPv6",
        "scopeid": 0
      },
      {
        "name": "Loopback Pseudo-Interface 1",
        "internal": true,
        "mac": "00:00:00:00:00:00",
        "address": "127.0.0.1",
        "netmask": "255.0.0.0",
        "family": "IPv4"
      }
    ],
    "host": "Obsidian"
  },
  "javascriptStack": {
    "message": "No stack.",
    "stack": [
      "Unavailable."
    ]
  },
  "nativeStack": [
    {
      "pc": "0x00007ff7872f1479",
      "symbol": ""
    },
    {
      "pc": "0x00007ff7872f57ec",
      "symbol": ""
    },
    {
      "pc": "0x00007ff7872f47a8",
      "symbol": ""
    },
    {
      "pc": "0x00007ff7873e0f3b",
      "symbol": ""
    },
    {
      "pc": "0x00007ff787c07e6e",
      "symbol": ""
    },
    {
      "pc": "0x00007ff787bef5c1",
      "symbol": ""
    },
    {
      "pc": "0x00007ff787ab690c",
      "symbol": ""
    },
    {
      "pc": "0x00007ff787abe95f",
      "symbol": ""
    },
    {
      "pc": "0x00007ff787ab3e83",
      "symbol": ""
    },
    {
      "pc": "0x00007ff787ab2614",
      "symbol": ""
    },
    {
      "pc": "0x00007ff787ad4604",
      "symbol": ""
    },
    {
      "pc": "0x00007ff78782ec51",
      "symbol": ""
    },
    {
      "pc": "0x00007ff78804ad2d",
      "symbol": ""
    },
    {
      "pc": "0x00007ff7880bbc97",
      "symbol": ""
    },
    {
      "pc": "0x00007ff787fd65cb",
      "symbol": ""
    },
    {
      "pc": "0x00007ff787fd01c9",
      "symbol": ""
    },
    {
      "pc": "0x000001a6682387c9",
      "symbol": ""
    }
  ],
  "javascriptHeap": {
    "totalMemory": 117387264,
    "totalCommittedMemory": 117387264,
    "usedMemory": 114864352,
    "availableMemory": 2083061152,
    "memoryLimit": 2197815296,
    "heapSpaces": {
      "read_only_space": {
        "memorySize": 262144,
        "committedMemory": 262144,
        "capacity": 33040,
        "used": 33040,
        "available": 0
      },
      "new_space": {
        "memorySize": 1048576,
        "committedMemory": 1048576,
        "capacity": 1047424,
        "used": 1047384,
        "available": 40
      },
      "old_space": {
        "memorySize": 98668544,
        "committedMemory": 98668544,
        "capacity": 98256192,
        "used": 97348504,
        "available": 907688
      },
      "code_space": {
        "memorySize": 2002944,
        "committedMemory": 2002944,
        "capacity": 1886784,
        "used": 1768736,
        "available": 118048
      },
      "map_space": {
        "memorySize": 2625536,
        "committedMemory": 2625536,
        "capacity": 2622240,
        "used": 2062320,
        "available": 559920
      },
      "large_object_space": {
        "memorySize": 12156928,
        "committedMemory": 12156928,
        "capacity": 12060080,
        "used": 12060080,
        "available": 0
      },
      "code_large_object_space": {
        "memorySize": 622592,
        "committedMemory": 622592,
        "capacity": 544288,
        "used": 544288,
        "available": 0
      },
      "new_large_object_space": {
        "memorySize": 0,
        "committedMemory": 0,
        "capacity": 1047424,
        "used": 0,
        "available": 1047424
      }
    }
  },
  "resourceUsage": {
    "userCpuSeconds": 24.984,
    "kernelCpuSeconds": 12.484,
    "cpuConsumptionPercent": 0.31299,
    "maxRss": 375812096,
    "pageFaults": {
      "IORequired": 223723,
      "IONotRequired": 0
    },
    "fsActivity": {
      "reads": 4279,
      "writes": 18
    }
  },
  "libuv": [
  ],
  "environmentVariables": {
    "=C:": "C:\\Development\\VVV\\www\\amplifier-working\\public_html\\wp-content\\themes\\zendroidthemes",
    "ACLOCAL_PATH": "C:\\Program Files\\Git\\mingw64\\share\\aclocal;C:\\Program Files\\Git\\usr\\share\\aclocal",
    "ALLUSERSPROFILE": "C:\\ProgramData",
    "ANSICON": "238x1000 (238x30)",
    "ANSICON_DEF": "7",
    "APPDATA": "C:\\Users\\jason\\AppData\\Roaming",
    "ChocolateyInstall": "C:\\ProgramData\\chocolatey",
    "ChocolateyLastPathUpdate": "Sun Oct  2 01:53:56 2016",
    "COMMONPROGRAMFILES": "C:\\Program Files\\Common Files",
    "CommonProgramFiles(x86)": "C:\\Program Files (x86)\\Common Files",
    "CommonProgramW6432": "C:\\Program Files\\Common Files",
    "COMPUTERNAME": "OBSIDIAN",
    "COMSPEC": "C:\\WINDOWS\\system32\\cmd.exe",
    "ConEmuANSI": "ON",
    "ConEmuAnsiLog": "",
    "ConEmuBackHWND": "0x005C01F0",
    "ConEmuBaseDir": "C:\\Program Files\\ConEmu\\ConEmu",
    "ConEmuBuild": "160914",
    "ConEmuDir": "C:\\Program Files\\ConEmu",
    "ConEmuDrawHWND": "0x005B17B8",
    "ConEmuDrive": "C:",
    "ConEmuHooks": "Enabled",
    "ConEmuHWND": "0x000A07F8",
    "ConEmuIsAdmin": "ADMIN",
    "ConEmuPalette": "<Solarized (Luke Maciak)>",
    "ConEmuPID": "14872",
    "ConEmuServerPID": "5112",
    "ConEmuTask": "{Bash::Git bash}",
    "ConEmuWorkDir": "C:\\Development\\VVV\\www\\amplifier-working\\public_html\\wp-content\\themes\\zendroidthemes",
    "ConEmuWorkDrive": "C:",
    "CONFIG_SITE": "C:/Program Files/Git/mingw64/etc/config.site",
    "DISPLAY": "needs-to-be-defined",
    "DriverData": "C:\\Windows\\System32\\Drivers\\DriverData",
    "EXEPATH": "C:\\Program Files\\Git",
    "HOME": "C:\\Users\\jason",
    "HOMEDRIVE": "C:",
    "HOMEPATH": "\\Users\\jason",
    "HOSTNAME": "Obsidian",
    "INFOPATH": "C:\\Program Files\\Git\\usr\\local\\info;C:\\Program Files\\Git\\usr\\share\\info;C:\\Program Files\\Git\\usr\\info;C:\\Program Files\\Git\\share\\info",
    "INIT_CWD": "C:\\Development\\VVV\\www\\amplifier-working\\public_html\\wp-content\\themes\\zendroidthemes",
    "LANG": "en_GB.UTF-8",
    "LOCALAPPDATA": "C:\\Users\\jason\\AppData\\Local",
    "LOGONSERVER": "\\\\OBSIDIAN",
    "MANPATH": "C:\\Program Files\\Git\\mingw64\\share\\man;C:\\Program Files\\Git\\usr\\local\\man;C:\\Program Files\\Git\\usr\\share\\man;C:\\Program Files\\Git\\usr\\man;C:\\Program Files\\Git\\share\\man",
    "MINGW_CHOST": "x86_64-w64-mingw32",
    "MINGW_PACKAGE_PREFIX": "mingw-w64-x86_64",
    "MINGW_PREFIX": "C:/Program Files/Git/mingw64",
    "MSYSTEM": "MINGW64",
    "MSYSTEM_CARCH": "x86_64",
    "MSYSTEM_CHOST": "x86_64-w64-mingw32",
    "MSYSTEM_PREFIX": "C:/Program Files/Git/mingw64",
    "NODE": "C:\\Program Files\\nodejs\\node.exe",
    "npm_config_access": "",
    "npm_config_allow_same_version": "",
    "npm_config_also": "",
    "npm_config_always_auth": "",
    "npm_config_argv": "{\"remain\":[],\"cooked\":[\"start\"],\"original\":[\"start\"]}",
    "npm_config_audit": "true",
    "npm_config_audit_level": "low",
    "npm_config_auth_type": "legacy",
    "npm_config_before": "",
    "npm_config_bin_links": "true",
    "npm_config_browser": "",
    "npm_config_ca": "",
    "npm_config_cache": "C:\\Users\\jason\\AppData\\Roaming\\npm-cache",
    "npm_config_cache_lock_retries": "10",
    "npm_config_cache_lock_stale": "60000",
    "npm_config_cache_lock_wait": "10000",
    "npm_config_cache_max": "Infinity",
    "npm_config_cache_min": "10",
    "npm_config_cafile": "",
    "npm_config_cert": "",
    "npm_config_cidr": "",
    "npm_config_color": "true",
    "npm_config_commit_hooks": "true",
    "npm_config_depth": "Infinity",
    "npm_config_description": "true",
    "npm_config_dev": "",
    "npm_config_dry_run": "",
    "npm_config_editor": "notepad.exe",
    "npm_config_engine_strict": "",
    "npm_config_fetch_retries": "2",
    "npm_config_fetch_retry_factor": "10",
    "npm_config_fetch_retry_maxtimeout": "60000",
    "npm_config_fetch_retry_mintimeout": "10000",
    "npm_config_force": "",
    "npm_config_format_package_lock": "true",
    "npm_config_fund": "true",
    "npm_config_git": "git",
    "npm_config_git_tag_version": "true",
    "npm_config_global": "",
    "npm_config_globalconfig": "C:\\Users\\jason\\AppData\\Roaming\\npm\\etc\\npmrc",
    "npm_config_globalignorefile": "C:\\Users\\jason\\AppData\\Roaming\\npm\\etc\\npmignore",
    "npm_config_global_style": "",
    "npm_config_group": "",
    "npm_config_ham_it_up": "",
    "npm_config_heading": "npm",
    "npm_config_https_proxy": "",
    "npm_config_if_present": "",
    "npm_config_ignore_prepublish": "",
    "npm_config_ignore_scripts": "",
    "npm_config_init_author_email": "",
    "npm_config_init_author_name": "",
    "npm_config_init_author_url": "",
    "npm_config_init_license": "ISC",
    "npm_config_init_module": "C:\\Users\\jason\\.npm-init.js",
    "npm_config_init_version": "1.0.0",
    "npm_config_json": "",
    "npm_config_key": "",
    "npm_config_legacy_bundling": "",
    "npm_config_link": "",
    "npm_config_local_address": "",
    "npm_config_loglevel": "notice",
    "npm_config_logs_max": "10",
    "npm_config_long": "",
    "npm_config_maxsockets": "50",
    "npm_config_message": "%s",
    "npm_config_metrics_registry": "https://registry.npmjs.org/",
    "npm_config_node_gyp": "C:\\Program Files\\nodejs\\node_modules\\npm\\node_modules\\node-gyp\\bin\\node-gyp.js",
    "npm_config_node_options": "",
    "npm_config_node_version": "13.2.0",
    "npm_config_noproxy": "",
    "npm_config_offline": "",
    "npm_config_onload_script": "",
    "npm_config_only": "",
    "npm_config_optional": "true",
    "npm_config_otp": "",
    "npm_config_package_lock": "true",
    "npm_config_package_lock_only": "",
    "npm_config_parseable": "",
    "npm_config_prefer_offline": "",
    "npm_config_prefer_online": "",
    "npm_config_prefix": "C:\\Users\\jason\\AppData\\Roaming\\npm",
    "npm_config_preid": "",
    "npm_config_production": "",
    "npm_config_progress": "",
    "npm_config_proxy": "",
    "npm_config_python": "C:\\Users\\jason\\.windows-build-tools\\python27\\python.exe",
    "npm_config_read_only": "",
    "npm_config_rebuild_bundle": "true",
    "npm_config_registry": "https://registry.npmjs.org/",
    "npm_config_rollback": "true",
    "npm_config_save": "true",
    "npm_config_save_bundle": "",
    "npm_config_save_dev": "",
    "npm_config_save_exact": "",
    "npm_config_save_optional": "",
    "npm_config_save_prefix": "^",
    "npm_config_save_prod": "",
    "npm_config_scope": "",
    "npm_config_scripts_prepend_node_path": "warn-only",
    "npm_config_script_shell": "",
    "npm_config_searchexclude": "",
    "npm_config_searchlimit": "20",
    "npm_config_searchopts": "",
    "npm_config_searchstaleness": "900",
    "npm_config_send_metrics": "",
    "npm_config_shell": "C:\\WINDOWS\\system32\\cmd.exe",
    "npm_config_shrinkwrap": "true",
    "npm_config_sign_git_commit": "",
    "npm_config_sign_git_tag": "",
    "npm_config_sso_poll_frequency": "500",
    "npm_config_sso_type": "oauth",
    "npm_config_strict_ssl": "true",
    "npm_config_tag": "latest",
    "npm_config_tag_version_prefix": "v",
    "npm_config_timing": "",
    "npm_config_tmp": "C:\\Users\\jason\\AppData\\Local\\Temp",
    "npm_config_umask": "0000",
    "npm_config_unicode": "",
    "npm_config_unsafe_perm": "true",
    "npm_config_update_notifier": "true",
    "npm_config_usage": "",
    "npm_config_user": "",
    "npm_config_userconfig": "C:\\Users\\jason\\.npmrc",
    "npm_config_user_agent": "npm/6.13.1 node/v13.2.0 win32 x64",
    "npm_config_version": "",
    "npm_config_versions": "",
    "npm_config_viewer": "browser",
    "npm_execpath": "C:\\Program Files\\nodejs\\node_modules\\npm\\bin\\npm-cli.js",
    "npm_lifecycle_event": "start",
    "npm_lifecycle_script": "gulp",
    "npm_node_execpath": "C:\\Program Files\\nodejs\\node.exe",
    "npm_package_babel_presets_0": "env",
    "npm_package_babel_presets_1": "stage-2",
    "npm_package_bugs_url": "https://github.com/jasondevine/zendroidpress.git",
    "npm_package_dependencies_aos": "^2.3.4",
    "npm_package_dependencies_foundation_sites": "^6.5.3",
    "npm_package_dependencies_hamburgers": "^1.1.3",
    "npm_package_dependencies_isotope_layout": "^3.0.6",
    "npm_package_dependencies_jquery": "~3.0.0",
    "npm_package_dependencies_motion_ui": "~1.2.2",
    "npm_package_dependencies_sal_js": "^0.6.2",
    "npm_package_dependencies_what_input": "^4.1.3",
    "npm_package_description": "zendroidPress is forked from the WordPress starter theme 'FoundationPress' by Ole Fredrik Lie, which in turn uses Foundation 6 by Zurb as a framework",
    "npm_package_devDependencies_ansi_colors": "^1.0.1",
    "npm_package_devDependencies_babel_core": "^6.24.1",
    "npm_package_devDependencies_babel_loader": "^7.1.2",
    "npm_package_devDependencies_babel_preset_env": "^1.7.0",
    "npm_package_devDependencies_babel_preset_es2015": "^6.3.13",
    "npm_package_devDependencies_babel_preset_stage_2": "^6.24.1",
    "npm_package_devDependencies_babel_register": "^6.7.2",
    "npm_package_devDependencies_beepbeep": "^1.3.0",
    "npm_package_devDependencies_browser_sync": "^2.10.0",
    "npm_package_devDependencies_dateformat": "^3.0.2",
    "npm_package_devDependencies_fancy_log": "^1.3.2",
    "npm_package_devDependencies_gulp": "4.0",
    "npm_package_devDependencies_gulp_autoprefixer": "^3.1.0",
    "npm_package_devDependencies_gulp_babel": "^6.1.2",
    "npm_package_devDependencies_gulp_clean_css": "^3.3.1",
    "npm_package_devDependencies_gulp_cli": "^1.2.1",
    "npm_package_devDependencies_gulp_concat": "^2.5.2",
    "npm_package_devDependencies_gulp_cssnano": "^2.1.3",
    "npm_package_devDependencies_gulp_extname": "^0.2.0",
    "npm_package_devDependencies_gulp_filter": "^6.0.0",
    "npm_package_devDependencies_gulp_if": "^2.0.0",
    "npm_package_devDependencies_gulp_imagemin": "^4.1.0",
    "npm_package_devDependencies_gulp_load_plugins": "^1.1.0",
    "npm_package_devDependencies_gulp_merge_media_queries": "^0.2.1",
    "npm_package_devDependencies_gulp_notify": "^3.2.0",
    "npm_package_devDependencies_gulp_penthouse": "^0.2.0",
    "npm_package_devDependencies_gulp_phpcbf": "^0.1.2",
    "npm_package_devDependencies_gulp_phpcs": "^2.1.0",
    "npm_package_devDependencies_gulp_plumber": "^1.2.1",
    "npm_package_devDependencies_gulp_rename": "^1.4.0",
    "npm_package_devDependencies_gulp_rev": "^8.0.0",
    "npm_package_devDependencies_gulp_sass": "^3.1.0",
    "npm_package_devDependencies_gulp_sourcemaps": "^1.12.1",
    "npm_package_devDependencies_gulp_terser": "^1.1.6",
    "npm_package_devDependencies_gulp_uglify": "^1.2.0",
    "npm_package_devDependencies_gulp_uglifycss": "^1.1.0",
    "npm_package_devDependencies_gulp_zip": "^4.0.0",
    "npm_package_devDependencies_js_yaml": "^3.4.6",
    "npm_package_devDependencies_panini": "^1.3.0",
    "npm_package_devDependencies_rimraf": "^2.4.3",
    "npm_package_devDependencies_style_sherpa": "^1.0.0",
    "npm_package_devDependencies_terser_webpack_plugin": "^1.2.1",
    "npm_package_devDependencies_uglifyjs_webpack_plugin": "^2.1.1",
    "npm_package_devDependencies_uglify_es": "^3.3.9",
    "npm_package_devDependencies_vinyl_named": "^1.1.0",
    "npm_package_devDependencies_webpack": "^4",
    "npm_package_devDependencies_webpack_stream": "^4.0.0",
    "npm_package_devDependencies_yargs": "^3.8.0",
    "npm_package_homepage": "https://www.zendroidthemes.com",
    "npm_package_keywords_0": "zendroidPress",
    "npm_package_keywords_1": "FoundationPress",
    "npm_package_keywords_2": "WordPress",
    "npm_package_keywords_3": "starter theme",
    "npm_package_keywords_4": "Foundation",
    "npm_package_keywords_5": "semantic",
    "npm_package_keywords_6": "mobile first",
    "npm_package_keywords_7": "customizable",
    "npm_package_keywords_8": "responsive",
    "npm_package_license": "MIT",
    "npm_package_main": "gulpfile.js",
    "npm_package_name": "zendroidPress",
    "npm_package_repository_type": "git",
    "npm_package_repository_url": "git+https://github.com/jasondevine/zendroidpress.git",
    "npm_package_scripts_build": "gulp build --production",
    "npm_package_scripts_dev": "gulp build --dev",
    "npm_package_scripts_package": "gulp package --production",
    "npm_package_scripts_phpcbf": "gulp phpcbf",
    "npm_package_scripts_phpcs": "gulp phpcs",
    "npm_package_scripts_start": "gulp",
    "npm_package_title": "zendroidPress",
    "npm_package_version": "1.0.0",
    "NUMBER_OF_PROCESSORS": "8",
    "OneDrive": "C:\\Users\\jason\\OneDrive",
    "OneDriveConsumer": "C:\\Users\\jason\\OneDrive",
    "ORIGINAL_PATH": "C:\\Program Files\\Git\\cmd;C:\\Program Files\\ConEmu\\ConEmu\\Scripts;C:\\Program Files\\ConEmu;C:\\Program Files\\ConEmu\\ConEmu;C:\\Program Files (x86)\\Common Files\\Oracle\\Java\\javapath;C:\\Windows\\system32;C:\\Windows;C:\\Windows\\System32\\Wbem;C:\\Windows\\System32\\WindowsPowerShell\\v1.0;C:\\ProgramData\\chocolatey\\bin;C:\\ProgramData\\ComposerSetup\\bin;C:\\Users\\jason\\AppData\\Local\\Microsoft\\WindowsApps;C:\\Users\\jason\\AppData\\Roaming\\npm;C:\\Program Files\\Sublime Text 3;F:\\Development\\Tools+Snippets\\tools\\vv;F:\\Development\\Tools+Snippets\\languages\\PHP7;F:\\Development\\Tools+Snippets\\tools\\wp-cli\\bin;C:\\Users\\jason\\AppData\\Roaming\\Composer\\vendor\\bin;D:\\Backup\\Software\\Android;D:\\Backup\\Software\\Android\\Fastboot;C:\\adb;C:\\WINDOWS\\system32;C:\\WINDOWS;C:\\WINDOWS\\System32\\Wbem;C:\\WINDOWS\\System32\\WindowsPowerShell\\v1.0;C:\\WINDOWS\\System32\\OpenSSH;C:\\Program Files\\Git\\cmd;C:\\Program Files (x86)\\Yarn\\bin;C:\\HashiCorp\\Vagrant\\bin;C:\\Program Files\\nodejs;C:\\Users\\jason\\.windows-build-tools\\python27;F:\\Development\\Tools;F:\\Development\\Tools\\VV;F:\\Development\\Tools\\wp-cli\\bin;F:\\Development\\Languages and Snippets\\languages\\PHP7;C:\\Users\\jason\\AppData\\Local\\GitHubDesktop\\bin;C:\\Users\\jason\\AppData\\Local\\Yarn\\bin;C:\\Users\\jason\\AppData\\Local\\Programs\\Microsoft VS Code\\bin;C:\\Program Files (x86)\\Java\\jre1.8.0_211\\bin",
    "ORIGINAL_TEMP": "C:/Users/jason/AppData/Local/Temp",
    "ORIGINAL_TMP": "C:/Users/jason/AppData/Local/Temp",
    "OS": "Windows_NT",
    "PATH": "C:\\Program Files\\nodejs\\node_modules\\npm\\node_modules\\npm-lifecycle\\node-gyp-bin;C:\\Development\\VVV\\www\\amplifier-working\\public_html\\wp-content\\themes\\zendroidthemes\\node_modules\\.bin;C:\\Users\\jason\\bin;C:\\Program Files\\Git\\mingw64\\bin;C:\\Program Files\\Git\\usr\\local\\bin;C:\\Program Files\\Git\\usr\\bin;C:\\Program Files\\Git\\usr\\bin;C:\\Program Files\\Git\\cmd;C:\\Program Files\\ConEmu\\ConEmu\\Scripts;C:\\Program Files\\ConEmu;C:\\Program Files\\ConEmu\\ConEmu;C:\\Program Files (x86)\\Common Files\\Oracle\\Java\\javapath;C:\\Windows\\system32;C:\\Windows;C:\\Windows\\System32\\Wbem;C:\\Windows\\System32\\WindowsPowerShell\\v1.0;C:\\ProgramData\\chocolatey\\bin;C:\\ProgramData\\ComposerSetup\\bin;C:\\Users\\jason\\AppData\\Local\\Microsoft\\WindowsApps;C:\\Users\\jason\\AppData\\Roaming\\npm;C:\\Program Files\\Sublime Text 3;F:\\Development\\Tools+Snippets\\tools\\vv;F:\\Development\\Tools+Snippets\\languages\\PHP7;F:\\Development\\Tools+Snippets\\tools\\wp-cli\\bin;C:\\Users\\jason\\AppData\\Roaming\\Composer\\vendor\\bin;D:\\Backup\\Software\\Android;D:\\Backup\\Software\\Android\\Fastboot;C:\\adb;C:\\WINDOWS\\system32;C:\\WINDOWS;C:\\WINDOWS\\System32\\Wbem;C:\\WINDOWS\\System32\\WindowsPowerShell\\v1.0;C:\\WINDOWS\\System32\\OpenSSH;C:\\Program Files\\Git\\cmd;C:\\Program Files (x86)\\Yarn\\bin;C:\\HashiCorp\\Vagrant\\bin;C:\\Program Files\\nodejs;C:\\Users\\jason\\.windows-build-tools\\python27;F:\\Development\\Tools;F:\\Development\\Tools\\VV;F:\\Development\\Tools\\wp-cli\\bin;F:\\Development\\Languages and Snippets\\languages\\PHP7;C:\\Users\\jason\\AppData\\Local\\GitHubDesktop\\bin;C:\\Users\\jason\\AppData\\Local\\Yarn\\bin;C:\\Users\\jason\\AppData\\Local\\Programs\\Microsoft VS Code\\bin;C:\\Program Files (x86)\\Java\\jre1.8.0_211\\bin;C:\\Program Files\\Git\\usr\\bin\\vendor_perl;C:\\Program Files\\Git\\usr\\bin\\core_perl;C:\\Users\\jason\\bin",
    "Path": "C:\\Program Files\\nodejs\\node_modules\\npm\\node_modules\\npm-lifecycle\\node-gyp-bin;C:\\Development\\VVV\\www\\amplifier-working\\public_html\\wp-content\\themes\\zendroidthemes\\node_modules\\.bin;C:\\Users\\jason\\bin;C:\\Program Files\\Git\\mingw64\\bin;C:\\Program Files\\Git\\usr\\local\\bin;C:\\Program Files\\Git\\usr\\bin;C:\\Program Files\\Git\\usr\\bin;C:\\Program Files\\Git\\cmd;C:\\Program Files\\ConEmu\\ConEmu\\Scripts;C:\\Program Files\\ConEmu;C:\\Program Files\\ConEmu\\ConEmu;C:\\Program Files (x86)\\Common Files\\Oracle\\Java\\javapath;C:\\Windows\\system32;C:\\Windows;C:\\Windows\\System32\\Wbem;C:\\Windows\\System32\\WindowsPowerShell\\v1.0;C:\\ProgramData\\chocolatey\\bin;C:\\ProgramData\\ComposerSetup\\bin;C:\\Users\\jason\\AppData\\Local\\Microsoft\\WindowsApps;C:\\Users\\jason\\AppData\\Roaming\\npm;C:\\Program Files\\Sublime Text 3;F:\\Development\\Tools+Snippets\\tools\\vv;F:\\Development\\Tools+Snippets\\languages\\PHP7;F:\\Development\\Tools+Snippets\\tools\\wp-cli\\bin;C:\\Users\\jason\\AppData\\Roaming\\Composer\\vendor\\bin;D:\\Backup\\Software\\Android;D:\\Backup\\Software\\Android\\Fastboot;C:\\adb;C:\\WINDOWS\\system32;C:\\WINDOWS;C:\\WINDOWS\\System32\\Wbem;C:\\WINDOWS\\System32\\WindowsPowerShell\\v1.0;C:\\WINDOWS\\System32\\OpenSSH;C:\\Program Files\\Git\\cmd;C:\\Program Files (x86)\\Yarn\\bin;C:\\HashiCorp\\Vagrant\\bin;C:\\Program Files\\nodejs;C:\\Users\\jason\\.windows-build-tools\\python27;F:\\Development\\Tools;F:\\Development\\Tools\\VV;F:\\Development\\Tools\\wp-cli\\bin;F:\\Development\\Languages and Snippets\\languages\\PHP7;C:\\Users\\jason\\AppData\\Local\\GitHubDesktop\\bin;C:\\Users\\jason\\AppData\\Local\\Yarn\\bin;C:\\Users\\jason\\AppData\\Local\\Programs\\Microsoft VS Code\\bin;C:\\Program Files (x86)\\Java\\jre1.8.0_211\\bin;C:\\Program Files\\Git\\usr\\bin\\vendor_perl;C:\\Program Files\\Git\\usr\\bin\\core_perl;C:\\Users\\jason\\bin",
    "PATHEXT": ".COM;.EXE;.BAT;.CMD;.VBS;.VBE;.JSE;.WSF;.WSH;.MSC",
    "PKG_CONFIG_PATH": "C:\\Program Files\\Git\\mingw64\\lib\\pkgconfig;C:\\Program Files\\Git\\mingw64\\share\\pkgconfig",
    "PLINK_PROTOCOL": "ssh",
    "PROCESSOR_ARCHITECTURE": "AMD64",
    "PROCESSOR_IDENTIFIER": "Intel64 Family 6 Model 58 Stepping 9, GenuineIntel",
    "PROCESSOR_LEVEL": "6",
    "PROCESSOR_REVISION": "3a09",
    "ProgramData": "C:\\ProgramData",
    "PROGRAMFILES": "C:\\Program Files",
    "ProgramFiles(x86)": "C:\\Program Files (x86)",
    "ProgramW6432": "C:\\Program Files",
    "PROMPT": "$P$G",
    "PSModulePath": "C:\\Program Files\\WindowsPowerShell\\Modules;C:\\WINDOWS\\system32\\WindowsPowerShell\\v1.0\\Modules",
    "PUBLIC": "C:\\Users\\Public",
    "PWD": "C:/Development/VVV/www/amplifier-working/public_html/wp-content/themes/zendroidthemes",
    "SHELL": "C:\\Program Files\\Git\\usr\\bin\\bash.exe",
    "SHLVL": "2",
    "SSH_ASKPASS": "C:/Program Files/Git/mingw64/libexec/git-core/git-gui--askpass",
    "SUBLIME": "C:\\Program Files\\Sublime Text 3",
    "SYSTEMDRIVE": "C:",
    "SYSTEMROOT": "C:\\WINDOWS",
    "TEMP": "C:\\Users\\jason\\AppData\\Local\\Temp",
    "TERM": "cygwin",
    "TMP": "C:\\Users\\jason\\AppData\\Local\\Temp",
    "TMPDIR": "C:\\Users\\jason\\AppData\\Local\\Temp",
    "USERDOMAIN": "OBSIDIAN",
    "USERDOMAIN_ROAMINGPROFILE": "OBSIDIAN",
    "USERNAME": "jason",
    "USERPROFILE": "C:\\Users\\jason",
    "VBOX_MSI_INSTALL_PATH": "C:\\Program Files\\Oracle\\VirtualBox\\",
    "WINDIR": "C:\\WINDOWS",
    "_": "C:/Program Files/nodejs/node.exe"
  },
  "sharedObjects": [
    "C:\\Program Files\\nodejs\\node.exe",
    "C:\\WINDOWS\\SYSTEM32\\ntdll.dll",
    "C:\\WINDOWS\\System32\\KERNEL32.DLL",
    "C:\\WINDOWS\\System32\\KERNELBASE.dll",
    "C:\\WINDOWS\\System32\\WS2_32.dll",
    "C:\\WINDOWS\\System32\\RPCRT4.dll",
    "C:\\WINDOWS\\SYSTEM32\\dbghelp.dll",
    "C:\\WINDOWS\\System32\\ADVAPI32.dll",
    "C:\\WINDOWS\\System32\\ucrtbase.dll",
    "C:\\WINDOWS\\System32\\msvcrt.dll",
    "C:\\WINDOWS\\System32\\sechost.dll",
    "C:\\WINDOWS\\System32\\USER32.dll",
    "C:\\WINDOWS\\System32\\win32u.dll",
    "C:\\WINDOWS\\System32\\GDI32.dll",
    "C:\\WINDOWS\\System32\\gdi32full.dll",
    "C:\\WINDOWS\\System32\\msvcp_win.dll",
    "C:\\WINDOWS\\System32\\PSAPI.DLL",
    "C:\\WINDOWS\\System32\\CRYPT32.dll",
    "C:\\WINDOWS\\System32\\MSASN1.dll",
    "C:\\WINDOWS\\SYSTEM32\\IPHLPAPI.DLL",
    "C:\\WINDOWS\\System32\\bcrypt.dll",
    "C:\\WINDOWS\\SYSTEM32\\USERENV.dll",
    "C:\\WINDOWS\\System32\\profapi.dll",
    "C:\\WINDOWS\\SYSTEM32\\WINMM.dll",
    "C:\\WINDOWS\\SYSTEM32\\winmmbase.dll",
    "C:\\WINDOWS\\System32\\cfgmgr32.dll",
    "C:\\WINDOWS\\System32\\bcryptPrimitives.dll",
    "C:\\WINDOWS\\System32\\IMM32.DLL",
    "C:\\Program Files\\ConEmu\\ConEmu\\ConEmuHk64.dll",
    "C:\\WINDOWS\\System32\\powrprof.dll",
    "C:\\WINDOWS\\System32\\UMPDC.dll",
    "C:\\WINDOWS\\SYSTEM32\\CRYPTBASE.DLL",
    "C:\\WINDOWS\\system32\\uxtheme.dll",
    "C:\\WINDOWS\\System32\\combase.dll",
    "C:\\WINDOWS\\system32\\mswsock.dll",
    "C:\\WINDOWS\\System32\\kernel.appcore.dll",
    "\\\\?\\C:\\Development\\VVV\\www\\amplifier-working\\public_html\\wp-content\\themes\\zendroidthemes\\node_modules\\node-sass\\vendor\\win32-x64",
    "C:\\WINDOWS\\System32\\NSI.dll",
    "C:\\WINDOWS\\SYSTEM32\\dhcpcsvc6.DLL",
    "C:\\WINDOWS\\SYSTEM32\\dhcpcsvc.DLL",
    "C:\\WINDOWS\\SYSTEM32\\DNSAPI.dll",
    "C:\\WINDOWS\\system32\\napinsp.dll",
    "C:\\WINDOWS\\system32\\pnrpnsp.dll",
    "C:\\WINDOWS\\System32\\winrnr.dll",
    "C:\\WINDOWS\\system32\\NLAapi.dll",
    "C:\\WINDOWS\\system32\\wshbth.dll",
    "C:\\Windows\\System32\\rasadhlp.dll",
    "C:\\WINDOWS\\System32\\fwpuclnt.dll"
  ]
}